"Fisher","Month","Year","Days_Fished","Total_Income","Total_Catch"
"F001","January","2013",1,84000,56
"F001","February","2013",7,1869000,1742
"F001","February","2016",1,5000,1
"F001","March","2013",3,679500,1133
"F001","April","2013",2,156991.322841922,273
"F001","May","2013",5,865713.607319326,1452
"F001","June","2013",2,617500,850
"F001","July","2012",1,21000,15
"F001","July","2013",2,288000,288
"F001","August","2013",1,180000,120
"F001","September","2013",2,639000,938
"F001","November","2013",4,874500,1367
"F001","December","2013",2,502500,308
"F002","January","2023",1,6932142.85714286,150
"F002","February","2023",1,6470000,140
"F002","October","2022",1,465500,20.5
"F002","December","2022",1,3000,2
"F003","October","2013",6,413500,41
"F003","November","2013",14,1076450,269
"F003","December","2013",1,12500,1
"F004","January","2012",3,147900,172
"F004","February","2012",1,9650,9
"F004","March","2012",3,191550,252
"F004","April","2012",8,479925.353838056,524
"F004","May","2012",4,263335.358360903,250
"F004","July","2012",1,40600,34
"F005","May","2017",1,77891.6666666667,54.4666666666667
"F005","July","2019",1,160000,41.75
"F005","August","2012",1,71625,51.25
"F006","January","2023",1,95521.6790322581,46
"F006","April","2022",1,150062.5,96.5
"F006","December","2022",1,178851.744186046,99.5
"F007","September","2012",2,311625,177
"F008","January","2013",1,95250,24
"F008","January","2015",3,454750,298
"F008","January","2016",3,454750,298
"F008","January","2017",3,408100,267.45
"F008","January","2023",5,885523.767858888,316.5
"F008","February","2012",3,373175,301.25
"F008","February","2017",3,428925,194.25
"F008","March","2012",5,246525,233
"F008","March","2013",2,60000,4
"F008","March","2016",5,660950,519
"F008","March","2017",2,327025,163
"F008","April","2012",3,204440.287356322,168.5
"F008","April","2016",11,1452650,974
"F008","April","2017",3,143950,121.25
"F008","May","2012",5,722768.45181399,351.916666666667
"F008","May","2013",10,1694774.36949478,1315.41666666667
"F008","May","2016",1,149250,127
"F008","June","2012",10,1935212.5,1160.25
"F008","June","2013",2,1208500,302
"F008","June","2016",15,3201150,1715
"F008","June","2017",4,906125,204.5
"F008","June","2023",1,5000,1
"F008","July","2013",6,744687.5,630
"F008","July","2015",3,391300,180.5
"F008","July","2016",3,894650,471
"F008","July","2017",6,1073084.42734197,451.5
"F008","August","2012",2,441025,294
"F008","August","2013",9,1433904.16666667,1044.95833333333
"F008","August","2015",9,6437075,1162.5
"F008","August","2016",12,3353900,1790.5
"F008","August","2017",1,116675,121.5
"F008","September","2012",11,1244937.5,1018
"F008","September","2016",11,6761825,1670.5
"F008","September","2017",1,102750,62
"F008","October","2012",17,3686725.96599691,1606
"F008","October","2013",4,721625,294.083333333333
"F008","October","2015",11,3384250.86592179,1084.5
"F008","October","2017",1,93000,117
"F008","October","2023",1,68250,88
"F008","November","2012",2,319750,159.5
"F008","November","2013",1,3000,2
"F008","November","2015",12,1971925,1106.5
"F008","November","2016",3,417700,329
"F008","November","2023",5,552500,270
"F008","December","2015",1,80000,69
"F008","December","2016",4,383500,252.25
"F008","December","2023",7,1056500,523
"F009","January","2012",1,82400,16
"F010","January","2012",1,52000,22
"F010","January","2013",4,387162.5,280.083333333333
"F010","January","2019",13,1383875,690
"F010","February","2012",1,98000,73
"F010","February","2016",3,296100,183
"F010","February","2017",3,331375,248
"F010","February","2018",10,1228100,829.25
"F010","February","2019",20,2853750,1663.25
"F010","March","2012",1,76605.8422258967,51.5
"F010","March","2016",9,647575,549.25
"F010","March","2017",7,443375,321.75
"F010","March","2018",10,862600,528
"F010","March","2019",12,1683625,822.75
"F010","April","2012",4,218698.937488693,145
"F010","April","2016",18,1478100,1106.75
"F010","April","2017",2,1478375,946.5
"F010","April","2018",19,1518787.5,971.25
"F010","April","2019",18,2503562.5,1254.25
"F010","May","2012",2,157875,128.416666666667
"F010","May","2013",1,125925,108
"F010","May","2016",27,5065987.5,2949.5
"F010","May","2017",1,655933.333333333,410.033333333333
"F010","May","2018",14,1646923.5,904.5
"F010","May","2019",19,2536975,1138
"F010","June","2012",13,1810737.5,844
"F010","June","2013",2,203550,167
"F010","June","2016",1,214850,87.5
"F010","June","2017",9,1231700,791
"F010","June","2018",25,3308525,1412
"F010","June","2019",21,2931750,1176
"F010","July","2012",1,73000,21
"F010","July","2016",12,1451075,952.5
"F010","July","2017",17,3027019.5,956.75
"F010","July","2018",19,2743500,966.25
"F010","July","2019",11,1336625,655.25
"F010","August","2012",3,232160.621123292,194.5
"F010","August","2016",23,2855650,1967
"F010","August","2017",8,983436.5,536.75
"F010","August","2018",20,3665020.83333333,1152.66666666667
"F010","September","2012",4,222250,111.75
"F010","September","2016",12,2455700,962
"F010","September","2017",14,1782275,941
"F010","September","2018",28,4878000,1816.75
"F010","October","2012",3,248000,150
"F010","October","2016",16,1714000,1014.5
"F010","October","2017",9,2003066.66666667,486.666666666667
"F010","October","2018",16,1803750,821.5
"F010","November","2012",4,736900,383.5
"F010","November","2016",6,461075,331.25
"F010","November","2017",14,1356400,743.25
"F010","November","2018",13,1265375,670.25
"F010","December","2012",1,247375,120
"F010","December","2016",7,376525,295.083333333333
"F010","December","2017",12,1375616.66666667,1024.58333333333
"F010","December","2018",5,406625,189
"F012","March","2013",1,28950,23
"F012","May","2013",7,225700,130
"F012","June","2013",7,311750,148
"F012","July","2013",6,561184.978730947,139
"F012","August","2013",9,461400,182
"F012","September","2013",5,157500,84
"F012","October","2013",21,1385400,879
"F012","November","2013",12,956650,548
"F012","December","2013",2,38500,11
"F013","May","2013",1,50350,48
"F014","June","2013",1,25000,2
"F015","March","2013",8,1838200,326
"F015","April","2013",9,1624446.17954483,457
"F015","May","2013",7,922486.377708978,223
"F015","June","2013",9,1823250,273
"F015","July","2013",14,3095170.951947,688
"F015","August","2013",3,334250,73
"F015","September","2013",2,423250,159
"F015","October","2013",15,5507900,1821
"F015","November","2013",13,3909400,1446
"F015","December","2013",2,55000,7
"F016","June","2017",3,108500,67
"F017","September","2016",2,72000,51
"F018","July","2013",1,24500,3
"F019","March","2013",3,414100,183
"F019","April","2013",8,571197.570656653,790
"F019","May","2013",6,450434.726224784,496
"F019","June","2013",5,269500,216
"F019","July","2013",3,161450,132
"F019","November","2013",1,73250,107
"F020","January","2013",6,709750,757
"F020","January","2015",2,140250,139
"F020","January","2016",3,358250,470
"F020","January","2017",3,348375,287
"F020","January","2023",5,32357891.8971429,638
"F020","February","2012",2,150500,164
"F020","February","2013",3,682500,455
"F020","February","2016",4,518225,385
"F020","February","2017",2,117250,78
"F020","February","2023",1,32000,8
"F020","March","2012",4,449500,332
"F020","March","2016",14,1174650,830.25
"F020","March","2017",3,332875,247.5
"F020","March","2023",3,586850.551666667,328
"F020","April","2012",4,440149.390243902,264
"F020","April","2013",6,860776.275645409,1032
"F020","April","2016",6,834400,612.25
"F020","April","2023",2,14250,4.5
"F020","May","2012",7,1183729.67034494,662
"F020","May","2013",14,1841575.83171323,1507.25
"F020","May","2023",3,12669.3333333333,4.5
"F020","June","2012",4,773500,558
"F020","June","2016",2,204250,109
"F020","June","2017",3,117000,58
"F020","June","2022",1,178500,92
"F020","June","2023",6,219038.54344086,119
"F020","July","2015",2,119500,95
"F020","July","2016",1,182000,64
"F020","July","2017",1,205500,160
"F020","July","2023",2,929504,314
"F020","August","2015",10,1719250,1270
"F020","August","2016",2,156125,124.5
"F020","September","2012",4,258500,211.25
"F020","September","2013",1,1095000,730
"F020","September","2015",4,208050,151
"F020","September","2016",15,3161700,2320.75
"F020","September","2023",1,327750,147
"F020","October","2012",8,371000,350
"F020","October","2013",6,766650,606
"F020","October","2015",4,243675,208.5
"F020","October","2016",1,143250,85
"F020","October","2017",1,168500,59.75
"F020","October","2023",2,7500,3
"F020","November","2012",2,141925,104.5
"F020","November","2013",9,788825,681.083333333333
"F020","November","2015",4,341925,381.25
"F020","November","2016",2,259375,175.5
"F020","November","2023",2,4000,1
"F020","December","2013",5,551250,687.5
"F020","December","2015",2,353875,309.75
"F020","December","2016",5,434250,300.666666666667
"F020","December","2022",5,642751.726325086,268.5
"F020","December","2023",8,3080037.64428571,378
"F021","April","2016",2,166125,173.75
"F022","March","2013",1,6000,1
"F022","April","2013",1,151031.311154599,26
"F022","July","2013",1,71000,7
"F023","January","2023",1,79801.6780645161,56
"F023","June","2023",1,4000,2
"F023","October","2023",4,332500,136
"F023","December","2022",2,243547.169811321,120
"F024","June","2017",1,55500,41
"F025","December","2022",1,161364.692653673,77
"F026","January","2017",4,419500,256
"F026","February","2017",2,215800,129
"F026","February","2023",2,11000,4
"F026","March","2016",11,712300,481
"F026","April","2013",1,316169.351375077,510
"F026","April","2016",4,260500,175
"F026","April","2023",4,183634.270860215,111.75
"F026","May","2013",2,88592.8631291362,83
"F026","May","2023",3,119960.626666667,78.5
"F026","June","2016",8,700750,600
"F026","June","2017",2,196750,137
"F026","July","2016",2,256500,115
"F026","July","2017",4,211518.349185456,135
"F026","July","2023",1,43759.9083870968,34
"F026","August","2016",15,3141100,1756
"F026","September","2016",19,3506100,2342
"F026","September","2017",1,73950,36
"F026","October","2013",7,612300,340
"F026","October","2016",2,212000,149
"F026","October","2017",1,100750,77
"F026","October","2023",2,133039.091220238,83.5
"F026","November","2013",3,307750,169
"F026","November","2016",4,589600,312
"F026","November","2017",2,117850,91
"F026","December","2016",1,184500,77
"F026","December","2017",2,117199.324324324,86
"F027","February","2013",3,337750,192.2
"F028","February","2017",2,117500,77
"F028","February","2022",1,154500,88
"F028","March","2016",2,116000,90
"F028","March","2022",6,1845500,586
"F028","April","2016",5,218150,135
"F028","June","2016",4,498925,186.75
"F028","October","2018",1,350000,20
"F028","November","2016",3,266450,232
"F028","November","2018",1,5000,1
"F028","December","2016",3,367450,233
"F029","March","2013",1,36500,34
"F029","April","2013",3,160100,171
"F029","May","2013",1,41672.7586206897,33
"F029","June","2013",2,141200,118
"F029","November","2013",2,212000,23
"F031","May","2013",1,122700,68
"F031","June","2013",5,297600,274
"F031","August","2013",1,18750,23
"F031","September","2013",3,142900,104
"F031","October","2013",11,904050,673
"F031","November","2013",7,534600,410
"F030","September","2013",1,15000,2
"F030","November","2013",1,37500,4
"F032","May","2013",3,125000,30
"F032","June","2013",2,34000,11
"F032","July","2013",3,67750,20.75
"F032","August","2013",2,53000,12.25
"F032","September","2013",3,86500,29
"F032","November","2013",5,52000,15
"F032","December","2013",2,43000,24
"F034","January","2015",11,3182250,1396
"F034","January","2016",11,3190250,1400
"F034","January","2017",10,3537250,1296.25
"F034","January","2018",8,2795250,1197.5
"F034","January","2019",7,1925289.54081633,874.5
"F034","January","2022",11,6175750,2519.5
"F034","January","2023",8,3135750,1819.5
"F034","February","2013",4,92000,3.5
"F034","February","2016",10,2563500,1084.5
"F034","February","2017",10,3458375,1421.5
"F034","February","2018",13,3649750,1579
"F034","February","2022",16,10150250,4462.5
"F034","February","2023",9,7881250,4117
"F034","March","2017",7,2046250,847.5
"F034","March","2018",10,3226750,1462
"F034","March","2022",11,5225500,2122
"F034","March","2023",14,10744500,4256
"F034","April","2016",12,3447000,1684.5
"F034","April","2017",11,3007250,1152.5
"F034","April","2018",14,3754250,1567.5
"F034","April","2022",8,3707500,1695.5
"F034","April","2023",4,3799000,1519
"F034","May","2012",1,245000,132.5
"F034","May","2013",4,396000,321.5
"F034","May","2016",12,3594750,1396.5
"F034","May","2017",12,2685250,1189
"F034","May","2018",7,1799250,856.5
"F034","May","2022",8,2902750,1234.5
"F034","May","2023",14,5499500,2037
"F034","June","2012",4,668875,316.75
"F034","June","2013",10,4108550,1794.5
"F034","June","2016",13,4952000,1732.5
"F034","June","2017",8,1503500,768.5
"F034","June","2018",8,2297500,942.75
"F034","June","2022",14,5684000,2079
"F034","June","2023",10,3687000,1497
"F034","July","2013",11,3678440.17826997,1612.25
"F034","July","2015",10,3174750,1327.5
"F034","July","2016",10,4036750,1439.5
"F034","July","2017",16,4384250,1866.5
"F034","July","2018",13,3996083.33333333,1567.91666666667
"F034","July","2022",5,2562500,1168.5
"F034","July","2023",10,5101000,2377
"F034","August","2013",9,2361875,918.75
"F034","August","2015",12,4484375,2029.5
"F034","August","2016",11,4509250,1558
"F034","August","2017",8,2787000,888
"F034","August","2018",9,3254250,1085.5
"F034","August","2022",3,1423750,557.5
"F034","August","2023",11,3464000,1175.5
"F034","September","2012",9,1999750,922.25
"F034","September","2015",13,3446250,1436
"F034","September","2016",12,5598825,2151.5
"F034","September","2017",13,4092000,1749.5
"F034","September","2018",14,6013500,1819.75
"F034","September","2022",14,6534500,2338.5
"F034","September","2023",8,1526500,555.5
"F034","October","2012",13,3730117.5,1636.5
"F034","October","2013",12,3431750,1841.25
"F034","October","2015",11,2810250,1262.5
"F034","October","2016",9,3879525,1463.5
"F034","October","2017",13,6337125,2386.5
"F034","October","2018",13,5287125,1604.25
"F034","October","2022",14,7247500,2574
"F034","October","2023",14,7513500,3143
"F034","November","2012",11,3184625,1222
"F034","November","2013",13,4785875,1865.41666666667
"F034","November","2015",11,2893875,1296.25
"F034","November","2016",3,1013000,471
"F034","November","2017",12,3960625,1502.16666666667
"F034","November","2018",11,3521000,1437
"F034","November","2022",12,721500,476
"F034","November","2023",11,4213750,1629
"F034","December","2012",10,2310250,1122.5
"F034","December","2013",6,2151000,1252
"F034","December","2015",10,2754750,1218
"F034","December","2017",13,3213048.9167784,1434.70833333333
"F034","December","2018",9,2350500,1006.25
"F034","December","2022",7,4041500,1545.5
"F034","December","2023",5,1261500,438.5
"F035","March","2013",3,411000,28
"F035","April","2013",1,41000,7
"F035","May","2013",2,98750,45
"F035","June","2013",1,45000,11
"F035","July","2013",1,22250,9
"F035","October","2013",3,98000,22
"F035","November","2013",3,161000,32
"F035","December","2013",1,60000,5
"F036","August","2013",1,101500,48
"F036","August","2016",2,314050,103
"F037","January","2012",2,593000,263
"F037","February","2013",4,252866.666666667,170.316666666667
"F037","March","2012",1,45474.4370315476,27
"F037","April","2012",2,104506.087526576,71
"F037","May","2012",2,103500,86
"F037","June","2012",6,940687.5,309.5
"F037","June","2016",4,597000,172
"F037","July","2013",7,864600,358
"F037","July","2016",3,259000,109
"F037","August","2013",6,785100,385
"F037","August","2016",6,688000,306
"F037","September","2013",1,217000,28
"F037","September","2016",5,793200,253
"F037","October","2013",3,509000,124
"F037","November","2016",1,218000,64
"F038","July","2015",2,181250,75
"F038","August","2015",6,1484300,401
"F038","September","2015",1,44000,19
"F039","January","2017",1,48800,47
"F039","January","2023",7,793602.351212121,380
"F039","February","2013",4,249900,151
"F039","February","2023",7,463549.932683983,304
"F039","March","2023",7,3324927.411298,502
"F039","April","2013",2,132364.936930226,88
"F039","April","2023",10,469630.191693548,271.75
"F039","May","2013",6,362850,353.75
"F039","May","2023",9,512767.271041667,307.5
"F039","June","2023",12,459525.512642089,220.5
"F039","July","2015",4,314450,246
"F039","July","2023",5,609584.666666667,303
"F039","August","2015",6,399650,263
"F039","September","2012",1,14000,12
"F039","September","2015",2,83800,53
"F039","September","2023",3,548374.2,283
"F039","October","2015",2,168782.557378898,87
"F039","October","2017",1,67750,43.25
"F039","October","2023",16,2059788.77122024,1068.5
"F039","November","2012",4,224800,164
"F039","November","2017",1,118800,72
"F039","November","2022",1,95500,45
"F039","November","2023",16,1331487.82172043,637
"F039","December","2017",1,55500,43
"F039","December","2022",6,2224816.03773585,923
"F039","December","2023",26,2723084.50666667,1246
"F040","July","2017",20,2519600,1260.5
"F041","March","2013",2,125250,82
"F041","April","2013",4,175909.216589862,47
"F041","May","2013",8,310384.101382489,75
"F041","June","2013",7,308000,64
"F041","July","2013",3,88250,28
"F041","August","2013",1,35750,11
"F041","October","2013",1,69250,17
"F042","January","2012",5,715985.302007504,636
"F042","January","2013",5,450900,364
"F042","January","2019",14,1423750,752
"F042","February","2013",12,1085550,586
"F042","February","2019",20,2504750,1223.75
"F042","March","2012",1,94977.1177550486,40
"F042","March","2013",1,269500,300
"F042","March","2019",12,2110925,839.25
"F042","April","2012",4,386743.404214304,373
"F042","April","2019",21,2662687.5,1238.5
"F042","May","2012",10,458500,408
"F042","May","2019",19,3486325,1462
"F042","June","2012",7,393250,328
"F042","June","2018",1,306125,68.5
"F042","June","2019",24,4661625,1726.75
"F042","July","2019",13,1552975,762.5
"F042","August","2012",4,294790.420631645,188
"F042","September","2012",2,69000,36
"F042","October","2012",3,316750,221
"F042","October","2013",1,50000,1
"F042","October","2018",17,3073250,1188.75
"F042","November","2012",12,1087500,819
"F042","December","2012",4,277150,170
"F042","December","2018",5,397875,252.75
"F043","January","2018",5,518575,388
"F043","February","2018",6,635550,319.25
"F043","March","2018",12,977825,589
"F043","April","2018",6,460612.5,279.75
"F043","May","2018",13,1471275,844.5
"F043","June","2018",24,3396946.59304511,1700.75
"F043","July","2018",19,2989666.66666667,1202.33333333333
"F043","August","2017",12,2076612.5,970.75
"F043","August","2018",23,5359354.16666667,1190.83333333333
"F043","September","2017",16,3935075,1335.75
"F043","September","2018",27,5027875,1496.5
"F043","October","2017",14,2971908.33333333,1198.33333333333
"F043","November","2017",12,1680025,907.333333333333
"F043","November","2018",3,506875,158.25
"F043","December","2017",18,2008716.66666667,1205.20833333333
"F044","March","2013",1,41500,8
"F044","April","2013",1,78000,19
"F044","May","2013",3,176000,35
"F044","June","2013",1,75500,25
"F044","July","2013",2,130000,25
"F044","September","2013",2,12000,2
"F045","September","2013",1,34500,12
"F045","October","2013",6,628850,136
"F045","November","2013",5,259100,179
"F046","May","2012",1,189000,77
"F047","January","2022",6,11152000,1903
"F047","February","2022",5,10557000,1528
"F047","March","2022",5,9456000,1613
"F047","April","2022",1,443500,112
"F047","May","2022",3,7112000,1253
"F047","June","2022",3,3633000,729
"F048","September","2015",1,748500,989
"F049","May","2013",3,194500,134
"F049","July","2013",1,114250,81
"F049","October","2013",4,337550,195
"F050","February","2023",1,8507.49122746186,7.5
"F050","March","2023",1,508614.401785714,75.25
"F050","May","2023",2,128171.855,70
"F050","June","2023",2,132250,63
"F050","July","2023",1,61376.3680952381,26
"F050","September","2012",2,227750,316
"F050","September","2023",1,4000,1
"F050","October","2012",1,141750,130
"F052","January","2012",1,52000,22
"F052","January","2013",5,596662.5,346.083333333333
"F052","January","2017",3,664600,485
"F052","January","2018",6,883450,503
"F052","January","2019",13,1383875,690
"F052","January","2023",8,2429693.80275966,683.5
"F052","February","2013",7,805350,535
"F052","February","2016",4,468550,352
"F052","February","2017",6,983425,550
"F052","February","2018",10,1228100,829.25
"F052","February","2019",20,2853750,1663.25
"F052","March","2012",1,76605.8422258967,51.5
"F052","March","2016",12,1079325,872.25
"F052","March","2017",7,443375,321.75
"F052","March","2018",10,862600,528
"F052","March","2019",12,1683625,822.75
"F052","April","2012",4,218698.937488693,145
"F052","April","2013",1,266350.649350649,311
"F052","April","2016",18,1478100,1106.75
"F052","April","2017",2,1752625,1088.5
"F052","April","2018",19,1518787.5,971.25
"F052","April","2019",21,2991187.5,1463.5
"F052","April","2022",1,150062.5,96.5
"F052","April","2023",1,80000,1
"F052","May","2012",2,157875,128.416666666667
"F052","May","2013",3,364775,299
"F052","May","2016",27,5065987.5,2949.5
"F052","May","2017",1,733825,464.5
"F052","May","2018",14,1646923.5,904.5
"F052","May","2019",19,2536975,1138
"F052","May","2022",1,127304.347826087,79
"F052","May","2023",2,38000,19
"F052","June","2012",13,1810737.5,844
"F052","June","2013",2,203550,167
"F052","June","2016",1,214850,87.5
"F052","June","2018",24,3218525,1376.5
"F052","June","2019",23,3397625,1401.25
"F052","June","2022",1,300163.043478261,173
"F052","June","2023",2,6000,2
"F052","July","2016",12,1451075,952.5
"F052","July","2017",17,3027019.5,956.75
"F052","July","2018",19,2743500,966.25
"F052","July","2019",12,1496625,697
"F052","July","2023",1,1140000,469
"F052","August","2012",4,303785.621123292,245.75
"F052","August","2016",23,2855650,1967
"F052","August","2017",8,983436.5,536.75
"F052","August","2018",20,3665020.83333333,1152.66666666667
"F052","September","2012",4,222250,111.75
"F052","September","2016",12,2455700,962
"F052","September","2017",14,1782275,941
"F052","September","2018",28,4878000,1816.75
"F052","September","2023",5,840500,405
"F052","October","2012",3,248000,150
"F052","October","2016",16,1714000,1014.5
"F052","October","2017",9,2003066.66666667,486.666666666667
"F052","October","2018",16,1803750,821.5
"F052","October","2023",9,2603500,1188
"F052","November","2012",9,1495750,1016.5
"F052","November","2016",15,1643175,1143.25
"F052","November","2017",14,1356400,743.25
"F052","November","2018",13,1265375,670.25
"F052","November","2023",15,2473500,1232
"F052","December","2012",2,456375,231
"F052","December","2016",7,376525,295.083333333333
"F052","December","2017",12,1375616.66666667,1024.58333333333
"F052","December","2018",5,406625,189
"F052","December","2022",2,176250,69
"F052","December","2023",8,1110500,406
"F053","February","2013",2,326300,212
"F054","March","2013",1,40000,4
"F055","July","2013",1,6000,1
"F056","April","2013",1,22886.23401192,7
"F056","July","2013",12,751311.770938829,372
"F056","August","2013",10,530500,164
"F056","September","2013",1,6000,1
"F056","November","2013",1,144600,32
"F056","December","2013",1,6000,1
"F058","January","2012",3,500500,558
"F058","January","2013",2,201000,149.75
"F058","January","2016",1,87500,90
"F058","January","2017",2,242500,161
"F058","February","2017",3,236050,162
"F058","March","2012",1,229050,307
"F058","April","2013",6,647706.061267032,420
"F058","April","2016",3,244250,130
"F058","May","2012",4,273100,207
"F058","May","2013",16,1751538.37613882,1203.75
"F058","June","2013",6,820687.5,491.625
"F058","June","2016",2,110750,59
"F058","July","2013",8,519061.886610585,445.5
"F058","August","2013",7,398187.5,304.375
"F058","September","2012",1,256750,280
"F058","October","2012",5,559150,545
"F058","November","2013",3,203250,180
"F058","November","2016",4,250350,225
"F060","January","2015",2,416875,220
"F060","January","2016",10,1645725,1071
"F060","January","2017",1,437500,48
"F060","February","2016",8,1128425,782
"F060","February","2017",2,167375,132.5
"F060","March","2016",14,1859075,1454.25
"F060","March","2017",2,314750,151.25
"F060","April","2016",5,449825,392.75
"F060","April","2017",4,522625,199.75
"F060","May","2012",1,194025,52.25
"F060","May","2017",1,32000,25.5
"F060","June","2012",5,795187.5,267.5
"F060","June","2013",2,27500,3
"F060","June","2016",3,345083.333333333,194.333333333333
"F060","July","2013",2,341637.5,301.5
"F060","July","2015",4,658200,432.5
"F060","July","2016",7,2476250,677.5
"F060","July","2017",2,707625,110
"F060","August","2013",9,1433904.16666667,1044.95833333333
"F060","August","2015",1,182125,53.5
"F060","August","2016",7,2092850,791.5
"F060","September","2015",5,1472500,497.25
"F060","September","2016",10,5665675,1375.25
"F060","October","2013",3,684875,259.083333333333
"F060","October","2015",10,3994162.5,814.75
"F060","November","2013",1,3000,2
"F060","November","2015",11,1792350,746.5
"F060","November","2016",8,1487025,949
"F060","December","2015",3,474200,215
"F057","February","2012",4,428400,439
"F057","March","2012",5,380275.778491901,386
"F057","April","2012",2,179563.468803776,152
"F059","June","2013",1,377000,321
"F059","June","2016",1,171875,77
"F062","May","2016",3,889250,267.25
"F062","June","2016",2,1360750,281
"F061","June","2016",1,487233.333333333,72.0666666666667
"F063","March","2013",5,671500,317
"F063","April","2013",2,128454.551809316,22
"F063","June","2013",5,407150,595
"F063","July","2013",8,560509.275763578,385
"F063","August","2013",8,377800,365
"F063","September","2013",4,397150,652
"F063","October","2013",5,369800,392
"F063","November","2013",7,749700,816
"F063","December","2013",2,12000,2
"F064","July","2013",2,39000,26
"F065","April","2013",1,17992.6393270242,6
"F066","January","2012",2,144375,187
"F066","January","2023",1,31000,24
"F066","November","2012",1,35500,43
"F067","January","2013",5,618087.5,284.416666666667
"F067","January","2017",3,408100,267.45
"F067","January","2023",16,1416604.65910191,722.5
"F067","February","2012",3,373175,301.25
"F067","February","2013",11,1209641.66666667,845.583333333333
"F067","February","2017",3,428925,194.25
"F067","February","2023",8,656479.090079208,498.75
"F067","March","2012",4,148125,152
"F067","March","2013",1,37725,24
"F067","March","2016",7,1412850,962
"F067","March","2017",1,95125,41
"F067","March","2023",6,391103.621739544,224.25
"F067","April","2012",1,27475,29.25
"F067","April","2016",5,940450,731
"F067","April","2023",6,583439.202012638,386.75
"F067","May","2012",3,314900,203.75
"F067","May","2013",2,222850,140.333333333333
"F067","May","2016",1,42000,34
"F067","May","2022",1,264465.767116442,106.5
"F067","May","2023",6,574020.216531211,253
"F067","June","2012",1,42000,19
"F067","June","2013",5,556175,272
"F067","June","2016",8,1079025,524.75
"F067","June","2017",4,906125,204.5
"F067","June","2023",11,1102249.6172057,666
"F067","July","2017",6,1073084.42734197,451.5
"F067","July","2023",7,330901.608333333,246
"F067","August","2012",4,539525.354160728,291.5
"F067","August","2016",3,835500,216
"F067","August","2017",1,116675,121.5
"F067","September","2012",1,8750,3
"F067","September","2017",1,102750,62
"F067","September","2023",3,306768.910584416,185.5
"F067","October","2012",1,186250,42.5
"F067","October","2023",5,405690.875974026,282.5
"F067","November","2012",8,923400,479.75
"F067","November","2023",5,193612.221078937,137
"F067","December","2012",4,694000,401.5
"F067","December","2016",3,288000,182.25
"F067","December","2022",2,1465622.2826087,471.5
"F067","December","2023",21,5793254.72523297,2830.5
"F068","January","2023",8,23852132.4085714,753
"F068","February","2023",2,24355217.2004762,699
"F068","March","2023",4,3136004.41047619,293
"F068","May","2023",5,2973191.36428571,249
"F068","June","2023",6,301592.11,219.5
"F068","July","2023",1,12000,3
"F068","September","2023",1,327750,147
"F068","October","2022",1,465500,20.5
"F068","October","2023",3,53376.45,61
"F068","November","2023",2,4000,1
"F068","December","2022",3,517778.274462484,276
"F068","December","2023",10,1782000,689
"F069","February","2016",1,156250,127
"F070","January","2013",2,13000,5
"F070","January","2015",2,140250,139
"F070","January","2016",3,404250,301
"F070","January","2017",7,872925,596
"F070","February","2012",1,48750,45
"F070","February","2016",3,424625,384
"F070","February","2017",6,743050,421
"F070","March","2012",1,128500,132
"F070","March","2013",2,408000,272
"F070","March","2016",15,1557650,1208.25
"F070","March","2017",5,955375,624.5
"F070","April","2012",2,125950,85
"F070","April","2013",6,860776.275645409,1032
"F070","April","2016",13,1462675,1142
"F070","April","2017",2,336750,186
"F070","May","2013",15,1738833.35969504,1335.25
"F070","June","2012",4,773500,558
"F070","June","2013",12,2214750,1782
"F070","June","2016",12,1764700,1455
"F070","July","2013",3,168248.773221171,106
"F070","July","2015",1,159050,106
"F070","July","2016",4,883750,513
"F070","July","2017",5,1352568.81146657,539
"F070","August","2012",3,375250,560
"F070","August","2013",8,1997900,1518
"F070","August","2016",12,2925325,1823.5
"F070","September","2012",5,462750,437.25
"F070","September","2013",2,2430000,2100
"F070","September","2015",2,225000,192
"F070","September","2016",12,1799350,1158.75
"F070","September","2017",1,49000,41
"F070","October","2012",8,371000,350
"F070","October","2013",7,920150,698
"F070","October","2015",12,906675,829.5
"F070","October","2016",2,198350,128
"F070","October","2017",1,168500,59.75
"F070","November","2012",7,717975,590.5
"F070","November","2013",10,815825,705.083333333333
"F070","November","2015",4,218175,220.25
"F070","November","2016",8,1416475,989.5
"F070","November","2017",1,185500,118
"F070","December","2013",5,551250,687.5
"F070","December","2015",3,377125,326.75
"F070","December","2016",5,434250,300.666666666667
"F071","January","2013",1,88500,132
"F071","January","2015",1,59000,41
"F071","January","2016",8,668400,683
"F071","February","2012",3,197400,247
"F071","February","2016",5,374750,347
"F071","February","2017",2,103500,74
"F071","March","2012",7,474750,467
"F071","March","2016",12,1202600,1032
"F071","April","2012",5,386250,279
"F071","April","2013",3,369547.33829034,310
"F071","April","2016",13,904350,692
"F071","May","2012",11,762250,750
"F071","May","2013",9,906207.835599392,927
"F071","June","2012",7,515286.710299158,487
"F071","June","2013",2,253300,223
"F071","July","2013",9,814700,661
"F071","July","2015",8,530650,539
"F071","August","2012",13,869050,993
"F071","August","2013",9,730850,665
"F071","August","2015",4,259200,264
"F071","September","2012",17,1737900,1971
"F071","September","2015",5,314550,302
"F071","October","2012",16,1666752.20125786,1648
"F071","October","2013",4,331950,281
"F071","October","2015",2,109500,83
"F071","October","2016",1,44500,32
"F071","November","2012",14,1394950,1300
"F071","December","2015",2,186650,161
"F071","December","2016",1,44600,35
"F072","July","2015",4,243000,140
"F072","August","2015",1,24000,27
"F073","August","2018",1,59062.5,37
"F074","January","2012",2,157875,93.25
"F074","January","2013",5,618087.5,284.416666666667
"F074","January","2017",8,669500,497
"F074","January","2018",5,518575,388
"F074","January","2019",14,1423750,752
"F074","January","2023",18,3869636.52803952,2350.5
"F074","February","2013",11,1209641.66666667,845.583333333333
"F074","February","2016",17,2952350,1959
"F074","February","2017",5,1303000,675
"F074","February","2018",6,635550,319.25
"F074","February","2019",20,2504750,1223.75
"F074","February","2023",9,1489285.53711893,971.5
"F074","March","2012",7,790747.267413886,468
"F074","March","2013",1,37725,24
"F074","March","2016",16,2672400,1960
"F074","March","2017",8,1177400,792
"F074","March","2018",16,1837475,1170
"F074","March","2019",12,2110925,839.25
"F074","March","2023",9,892601.416494001,526
"F074","April","2012",8,866382.706496751,562
"F074","April","2016",17,2119750,1546
"F074","April","2017",1,2597300,1605
"F074","April","2018",22,3546862.5,1930.75
"F074","April","2019",21,2662687.5,1238.5
"F074","April","2023",3,311018.405239492,186.75
"F074","May","2012",21,2760450,2111.75
"F074","May","2013",2,222850,140.333333333333
"F074","May","2016",27,8620050,4414
"F074","May","2017",1,1640100,1071
"F074","May","2018",13,1471275,844.5
"F074","May","2019",19,3486325,1462
"F074","May","2022",1,345657.648646607,179
"F074","May","2023",12,1379954.51821057,903
"F074","June","2012",14,3822450,1813
"F074","June","2013",5,556175,272
"F074","June","2016",5,1217950,596
"F074","June","2017",11,4821250,1506
"F074","June","2018",25,3703071.59304511,1769.25
"F074","June","2019",24,4661625,1726.75
"F074","June","2022",1,285339.084091675,112
"F074","June","2023",14,1900540.82584313,1097
"F074","July","2016",14,4529950,2021
"F074","July","2017",20,2519600,1260.5
"F074","July","2018",19,2989666.66666667,1202.33333333333
"F074","July","2019",13,1552975,762.5
"F074","July","2023",5,594087.439684257,360
"F074","August","2012",4,539525.354160728,291.5
"F074","August","2016",9,2087050,1120
"F074","August","2017",12,2076612.5,970.75
"F074","August","2018",22,5300291.66666667,1153.83333333333
"F074","August","2023",2,334731.033428868,132
"F074","September","2012",1,8750,3
"F074","September","2017",16,3935075,1335.75
"F074","September","2018",27,5027875,1496.5
"F074","September","2023",4,292898.363636364,167
"F074","October","2012",1,186250,42.5
"F074","October","2017",14,2971908.33333333,1198.33333333333
"F074","October","2018",17,3073250,1188.75
"F074","October","2023",7,1071026.64769605,695
"F074","November","2012",8,923400,479.75
"F074","November","2016",3,541400,359
"F074","November","2017",12,1680025,907.333333333333
"F074","November","2018",3,506875,158.25
"F074","November","2023",3,233147.168396343,125
"F074","December","2012",4,694000,401.5
"F074","December","2016",13,2148600,1483
"F074","December","2017",18,2008716.66666667,1205.20833333333
"F074","December","2018",5,397875,252.75
"F074","December","2022",5,2027121.54170008,951
"F074","December","2023",14,4908495.37613392,2289
"F075","February","2013",3,337750,192.2
"F076","February","2013",1,25000,1
"F077","March","2013",2,88950,110
"F077","April","2013",5,400559.536945052,513
"F077","May","2013",6,749994.444444444,1092
"F077","June","2013",20,1576300,1745
"F077","July","2013",12,776006.909238494,585
"F077","September","2013",9,402500,220
"F077","October","2013",16,1386350,1226
"F077","November","2013",18,1816000,1676
"F077","December","2013",5,370500,37
"F078","April","2013",1,58826.9293514389,45
"F079","July","2013",2,125400,98
"F080","January","2012",4,385000,370
"F080","January","2013",3,238550,156
"F080","February","2013",10,1681000,1098.45
"F080","March","2012",1,60400,19
"F080","March","2018",5,736450,338
"F080","April","2012",1,112300,51
"F080","May","2012",3,196000,159
"F080","May","2018",2,250500,170
"F080","June","2012",7,998500,855
"F080","June","2018",2,415250,272
"F080","August","2012",1,195640.751310877,140
"F080","August","2018",12,2236750,1267
"F080","November","2012",5,861300,518
"F080","November","2018",11,2127500,1067
"F080","December","2012",4,916750,567
"F080","December","2018",3,434500,239
"F082","March","2013",3,157600,108
"F082","April","2013",9,708398.606228887,763
"F082","May","2013",11,830850,957
"F082","June","2013",24,2122550,2606
"F082","July","2013",17,1471800.09599629,1640
"F082","August","2013",5,293350,263
"F082","October","2013",1,59750,87
"F083","March","2012",3,243029.623716826,237
"F083","April","2012",2,173404.888767482,161
"F083","April","2016",2,114250,79
"F083","May","2012",4,388300,367
"F083","July","2012",2,243500,308
"F083","August","2012",1,590300,126
"F085","January","2013",3,762000,331
"F085","January","2015",1,569250,457
"F085","January","2016",1,569250,457
"F085","January","2017",3,394500,215
"F085","January","2023",2,243000,53
"F085","February","2012",6,598100,566
"F085","February","2023",2,405000,52
"F085","March","2012",5,401150,319
"F085","March","2016",5,710500,429
"F085","April","2016",2,346250,239
"F085","April","2017",3,773000,375
"F085","April","2022",1,182500,76
"F085","May","2012",3,474770.326376238,465
"F085","May","2013",2,467000,428
"F085","May","2023",1,112093.71,22
"F085","June","2012",4,533700,305
"F085","June","2013",2,636000,521
"F085","June","2016",7,1223750,591
"F085","June","2017",2,484500,112
"F085","June","2023",2,119000,5
"F085","July","2015",4,692850,408
"F085","July","2016",2,757500,269
"F085","July","2017",1,203993.789059362,101
"F085","August","2012",1,50850,33
"F085","August","2013",1,168000,50
"F085","August","2015",4,940750,758
"F085","August","2016",4,2108000,1024
"F085","August","2017",1,129000,20
"F085","September","2012",7,972000,590
"F085","September","2016",8,1167750,459
"F085","October","2012",10,1739750,803
"F085","October","2013",3,740250,367
"F085","October","2015",1,9000,6
"F085","October","2017",2,821000,358
"F085","November","2012",4,522250,189
"F085","November","2013",1,253000,162
"F085","November","2015",3,444900,176
"F085","November","2016",2,441500,238
"F085","December","2015",1,107000,71
"F085","December","2016",1,598750,302
"F085","December","2022",3,676708.333333333,212.5
"F085","December","2023",1,265500,28
"F086","March","2023",4,948000,248
"F086","May","2023",1,21000,3
"F087","April","2013",4,518356.676694535,343
"F087","May","2013",10,777291.819517467,717
"F087","June","2013",10,1294550,1096
"F087","July","2013",11,676364.704009595,676
"F087","September","2013",1,31250,16
"F087","October","2013",10,621300,521
"F087","November","2013",17,1530050,1396
"F087","December","2013",4,73250,8
"F088","November","2015",1,828500,848
"F089","July","2013",3,422550,108
"F089","October","2013",1,286750,177
"F090","March","2012",1,19500,13
"F090","April","2012",1,13750,12
"F091","December","2016",2,528600,377
"F092","November","2013",7,601600,841
"F092","December","2013",3,15000,3
"F093","April","2016",1,98250,64
"F094","January","2016",2,2267750,3148
"F095","February","2016",1,300750,157
"F096","April","2013",4,291871.974202356,131
"F096","May","2013",16,1279341.14112724,1659
"F096","June","2013",7,663150,631
"F096","July","2013",4,369550,538
"F096","August","2013",10,604000,732
"F096","September","2013",4,308450,432
"F096","October","2013",5,330250,453
"F096","November","2013",5,546550,758
"F096","December","2013",1,5000,1
"F097","December","2016",1,119500,43
"F099","January","2013",2,81750,90
"F099","January","2015",3,235750,231
"F099","January","2016",8,719750,700.5
"F099","January","2017",8,538250,247
"F099","January","2023",8,509911.149637097,209
"F099","February","2012",4,178750,257
"F099","February","2016",3,209500,187
"F099","February","2017",4,305500,143
"F099","February","2023",4,87000,24
"F099","March","2012",7,271820,206
"F099","March","2016",10,965863.736263736,797
"F099","March","2017",2,87250,72
"F099","March","2023",5,503742.699032258,190
"F099","April","2012",5,293569.386381228,234
"F099","April","2016",11,637150,472
"F099","April","2017",3,257500,59.25
"F099","April","2022",1,81594.3396226415,23
"F099","April","2023",8,529899.129462366,226
"F099","May","2012",7,381912.483645939,355
"F099","May","2013",5,706499.852564505,549
"F099","May","2016",1,113750,67
"F099","May","2023",7,291197.754522849,167
"F099","June","2012",7,438150,389
"F099","June","2013",5,343500,195
"F099","June","2016",12,1231250,737
"F099","June","2017",4,737900,617
"F099","June","2022",1,194094.339622642,79
"F099","June","2023",13,583304.985555556,297
"F099","July","2013",8,661556.057140518,418
"F099","July","2015",7,652100,626.5
"F099","July","2016",3,340500,132
"F099","July","2017",4,353625.045071444,198
"F099","July","2023",2,430000,148
"F099","August","2012",1,93500,48
"F099","August","2013",4,202500,207
"F099","August","2015",7,383450,373
"F099","August","2016",16,2442750,713
"F099","August","2023",1,108959.186666667,55
"F099","September","2012",3,148750,89
"F099","September","2013",1,26250,17.5
"F099","September","2015",2,101525,91.25
"F099","September","2016",12,1700900,716
"F099","September","2017",2,197500,73
"F099","September","2023",4,95536.1138528139,41
"F099","October","2013",8,881000,1006
"F099","October","2015",3,166500,222
"F099","October","2016",2,136000,75
"F099","October","2017",2,157000,49
"F099","October","2023",16,1031461.1909905,382
"F099","November","2012",10,889250,760
"F099","November","2013",1,119750,217
"F099","November","2015",2,156600,113
"F099","November","2016",6,625850,245
"F099","November","2017",2,146905.660377358,46
"F099","November","2022",1,113500,49
"F099","November","2023",12,893000,294
"F099","December","2015",3,188750,166
"F099","December","2016",4,464100,132
"F099","December","2022",5,766638.364779874,194
"F099","December","2023",16,1442500,571
"F100","January","2016",1,67000,94
"F101","January","2013",3,171500,149.75
"F101","January","2015",2,286000,253
"F101","January","2016",9,845100,769
"F101","January","2017",9,748125,431.95
"F101","January","2018",6,779750,369.25
"F101","January","2023",1,88086.0117204301,43.5
"F101","February","2012",1,59500,107.5
"F101","February","2016",4,530375,504
"F101","February","2017",3,417875,194.75
"F101","February","2023",4,263037.696944444,127.25
"F101","March","2012",2,225500,186
"F101","March","2016",6,832750,659.5
"F101","March","2017",3,195525,102.5
"F101","March","2023",1,187038.547652435,87
"F101","April","2012",6,1263640.11193249,1049
"F101","April","2016",8,918300,576
"F101","April","2022",1,271560.114085125,103
"F101","April","2023",8,1080177.39103892,527
"F101","May","2012",2,172250,233
"F101","May","2013",5,548683.194563177,529.75
"F101","May","2022",1,180500,78
"F101","May","2023",6,542844.079895944,291
"F101","June","2013",3,326187.5,360.625
"F101","June","2017",4,652000,187
"F101","June","2023",9,881361.571068735,434
"F101","July","2013",9,666797.288070439,273
"F101","July","2015",5,337500,264
"F101","July","2023",2,859500,481
"F101","August","2013",7,398187.5,304.375
"F101","August","2015",9,732450,752
"F101","August","2023",1,20000,2
"F101","September","2012",11,874000,984
"F101","September","2013",1,26250,17.5
"F101","September","2015",3,171525,152.25
"F101","September","2016",5,642250,310
"F101","September","2017",1,366000,161
"F101","September","2023",6,350677.736666667,171.5
"F101","October","2012",18,2213193.24002382,2423
"F101","October","2013",7,1286650,1821
"F101","October","2015",4,460500,597
"F101","October","2016",2,207500,136
"F101","October","2017",1,220500,156
"F101","October","2023",15,922726.512857143,355.5
"F101","November","2012",12,1231750,1102
"F101","November","2013",1,145000,250
"F101","November","2015",7,655150,540
"F101","November","2016",7,688500,351
"F101","November","2017",1,87112.1370207417,62
"F101","November","2023",15,1216250,627
"F101","December","2013",2,54000,92
"F101","December","2015",6,674650,632
"F101","December","2016",5,291750,153
"F101","December","2017",1,43007.6723886526,29
"F101","December","2022",3,763218.907987866,420
"F101","December","2023",25,2575752,1297
"F102","April","2013",2,209246.575342466,33
"F102","June","2013",2,321250,40
"F102","July","2013",1,128000,14
"F107","July","2023",1,235083.123376623,185
"F107","September","2023",1,1000,1
"F103","January","2022",1,323000,16
"F104","April","2017",3,143950,121.25
"F105","January","2022",6,12102000,2027
"F105","February","2022",6,10731500,1903
"F105","March","2022",4,8637000,1392
"F105","April","2022",3,5707500,901
"F105","May","2022",3,16113500,1046
"F105","June","2022",3,6610500,902
"F106","January","2013",2,57250,37.75
"F106","January","2015",2,416875,220
"F106","January","2016",10,1645725,1071
"F106","January","2017",5,1184966.66666667,518.4
"F106","January","2023",14,2013990.51757253,939.5
"F106","February","2016",8,1128425,782
"F106","February","2017",3,471375,242.5
"F106","February","2023",7,470549.481095436,365.5
"F106","March","2012",4,496725,340
"F106","March","2013",1,7500,0.5
"F106","March","2016",14,1859075,1454.25
"F106","March","2017",3,427400,192.25
"F106","March","2023",7,1281778.70311365,739.25
"F106","April","2012",5,647466.218863083,445.25
"F106","April","2016",5,449825,392.75
"F106","April","2017",4,522625,199.75
"F106","April","2023",7,478480.582077922,341.5
"F106","May","2012",6,1987740.37393505,726.5
"F106","May","2013",1,104500,55.25
"F106","May","2016",3,889250,267.25
"F106","May","2017",1,32000,25.5
"F106","May","2023",12,827598.646592573,467
"F106","June","2012",10,2445300,979
"F106","June","2013",7,3417975,973.25
"F106","June","2016",13,4805066.66666667,1251.65
"F106","June","2017",6,4490750,876
"F106","June","2023",16,1507433.49736804,936
"F106","July","2013",10,1131750,563.5
"F106","July","2015",5,1044400,466
"F106","July","2016",7,2476250,677.5
"F106","July","2017",5,2803898.07535705,496
"F106","July","2023",7,3132221.52615265,609
"F106","August","2012",13,3963400,1408.25
"F106","August","2013",5,1266458.33333333,470.166666666667
"F106","August","2015",10,6619200,1216
"F106","August","2016",13,4039750,1602
"F106","August","2017",1,178000,130
"F106","August","2023",2,80367.2785714286,51
"F106","September","2012",12,3425362.5,1114.5
"F106","September","2013",1,1500,1
"F106","September","2015",5,1472500,497.25
"F106","September","2016",19,12083650,2723.75
"F106","September","2017",1,1810250,303
"F106","September","2023",7,849830.30080633,515
"F106","October","2012",19,6271390.96281363,1871.5
"F106","October","2013",5,2220625,747.666666666667
"F106","October","2015",21,7378413.36592179,1899.25
"F106","October","2017",1,94900,52
"F106","October","2023",12,3599335.44228176,1126
"F106","November","2012",9,4641350,872
"F106","November","2013",2,357000,76
"F106","November","2015",12,1890725,815
"F106","November","2016",8,1487025,949
"F106","November","2017",1,13500,4
"F106","November","2023",8,2254654.79488846,795
"F106","December","2013",1,750,0.5
"F106","December","2015",3,474200,215
"F106","December","2016",1,354800,100
"F106","December","2017",1,617565.863631646,277
"F106","December","2023",5,541754.725232975,258.5
"F108","June","2016",1,600375,127.25
"F109","January","2023",8,785011.210435932,557
"F109","February","2023",2,302007.978998743,207
"F109","March","2023",1,4000,2
"F109","April","2022",1,125228.260869565,78
"F109","May","2022",1,264465.767116442,106.5
"F109","May","2023",3,18000,10
"F109","June","2023",2,45806.8303571429,29
"F109","October","2023",1,50000,25
"F109","December","2023",1,16000,12
"F110","September","2012",1,138500,36
"F112","January","2019",7,1143500,573
"F112","February","2013",2,350500,290
"F112","February","2019",3,629500,227
"F112","April","2012",2,182624.956474603,151
"F112","May","2012",4,590000,439
"F112","June","2012",2,404250,192
"F112","August","2018",3,681500,374
"F112","September","2018",9,1604000,773
"F112","October","2018",2,558750,229
"F113","January","2012",2,73500,42.75
"F113","February","2012",2,212050,207.25
"F113","March","2012",2,302150,306
"F113","April","2012",10,954235.868453914,1105.25
"F113","May","2012",18,3223815.12291485,1909.41666666667
"F113","May","2013",2,150225,133.25
"F113","June","2012",4,323362.5,455.5
"F113","July","2012",6,857200,731.5
"F113","August","2012",6,701500,796.5
"F113","August","2016",6,895975,664
"F113","September","2012",14,1919337.5,2056.5
"F113","September","2013",1,14000,3.5
"F113","September","2017",3,451500,313.25
"F113","October","2012",16,2349325,2284.25
"F113","November","2012",5,361775,298
"F114","December","2022",1,177087.209302326,125
"F115","August","2016",2,1070600,341
"F115","September","2016",11,5724600,1676
"F115","October","2016",11,2869450,1335
"F115","November","2016",15,2777950,1632
"F117","February","2023",1,64000,8
"F117","April","2023",1,36000,9
"F117","May","2023",1,60000,2
"F117","June","2023",2,18000,3
"F117","July","2023",1,881250,356
"F117","September","2023",2,1805250,685
"F117","October","2023",12,2941000,954
"F117","November","2023",15,2432000,931
"F117","December","2023",6,943500,358
"F116","October","2023",4,2596500,549
"F116","November","2023",1,16000,2
"F118","January","2023",2,92575.3033333333,47
"F118","February","2023",3,184568.51,95
"F118","March","2023",5,315378.327435897,183
"F118","April","2023",4,72000,18
"F118","May","2023",10,715508.476666667,473
"F118","June","2023",12,671712.643333333,381
"F118","July","2023",5,330774.403333333,176
"F118","August","2023",1,57500,26
"F118","September","2023",6,242183.904761905,139
"F118","October","2023",6,116724.8,58
"F118","November","2023",2,29281.13,19
"F118","December","2023",1,61169.3333333333,51
"F119","January","2015",2,107947,102
"F119","January","2016",6,316447,282
"F119","January","2017",3,494000,344
"F119","January","2019",11,2011750,930
"F119","January","2023",5,596050.912020202,223
"F119","February","2012",3,193450,157
"F119","February","2016",7,488100,411
"F119","February","2017",4,276150,229
"F119","February","2019",18,2534250,1489
"F119","March","2012",3,150500,141
"F119","March","2013",2,60000,4
"F119","March","2016",11,729050,574
"F119","March","2017",4,235950,177
"F119","March","2018",5,540800,328
"F119","March","2019",7,1154750,583
"F119","March","2023",4,440723.89952381,199
"F119","April","2013",1,66500,50
"F119","April","2016",17,1374000,1000
"F119","April","2017",4,301150,227
"F119","April","2018",19,1712200,1097
"F119","April","2019",11,1696250,944
"F119","April","2023",1,2250,1.5
"F119","May","2012",10,860193.45181399,674.666666666667
"F119","May","2013",11,1670074.36949478,1349.41666666667
"F119","May","2017",1,56250,55
"F119","May","2018",11,1535500,1059
"F119","May","2019",9,1394500,735
"F119","May","2023",3,20000,3.5
"F119","June","2012",10,1935212.5,1160.25
"F119","June","2013",4,584125,348.75
"F119","June","2016",10,913400,678
"F119","June","2017",6,1189750,680
"F119","June","2018",22,3383650,2105
"F119","June","2019",21,2931500,1616
"F119","June","2023",2,7000,1
"F119","July","2013",9,751300,644.5
"F119","July","2015",10,680600,524
"F119","July","2017",4,530401.477545102,434
"F119","July","2018",15,2123000,1439
"F119","July","2019",9,1359000,755
"F119","July","2023",1,913500,308
"F119","August","2012",1,215900,228
"F119","August","2015",10,830000,630
"F119","August","2017",1,63500,58
"F119","August","2018",20,3157500,2039
"F119","September","2012",15,1859625,1346.25
"F119","September","2015",10,777450,669
"F119","September","2016",1,23750,16
"F119","September","2017",1,183750,116
"F119","September","2018",22,3318000,1968
"F119","September","2023",5,407157.244127077,226
"F119","October","2012",18,3203875.96599691,1626.25
"F119","October","2015",21,1621837.11323224,1416
"F119","October","2016",2,162250,98
"F119","October","2018",14,1842500,1199
"F119","October","2023",4,771250,311
"F119","November","2012",9,954475,466.25
"F119","November","2013",8,596000,385
"F119","November","2015",15,1687650,1224
"F119","November","2016",5,446350,283
"F119","November","2018",11,1894250,1107
"F119","December","2015",4,342000,223
"F119","December","2016",4,351050,228
"F119","December","2017",1,195000,115
"F119","December","2018",5,772250,410
"F119","December","2023",2,29000,8
"F120","January","2012",1,76732.5066168879,45
"F120","September","2018",1,242000,22
"F121","January","2012",6,1144500,659
"F121","January","2017",5,487150,256
"F121","January","2018",4,366150,249
"F121","February","2013",3,186708.333333333,58.9166666666667
"F121","February","2016",6,313200,246
"F121","February","2018",8,794950,489
"F121","March","2012",1,87000,41
"F121","March","2013",1,173300,168
"F121","March","2016",7,632900,466
"F121","March","2018",9,679950,466
"F121","April","2012",6,662500,339
"F121","April","2016",6,551250,390
"F121","April","2017",1,422450,279
"F121","April","2018",20,1808350,1109
"F121","May","2012",6,728797.374381617,568
"F121","May","2013",2,15998.7732211707,8
"F121","May","2016",11,1421950,1045
"F121","May","2017",2,224000,177
"F121","May","2018",10,1146400,732
"F121","June","2012",5,932500,519
"F121","June","2013",2,412000,202
"F121","June","2018",19,2583750,1742
"F121","June","2019",12,1498000,870
"F121","July","2013",3,460325.023406795,241
"F121","July","2016",3,569950,347
"F121","July","2017",10,1257300,1167
"F121","July","2018",7,734500,544
"F121","July","2019",11,1417500,814
"F121","August","2016",9,1193700,890
"F121","August","2017",3,429350,300
"F121","August","2018",7,978250,700
"F121","September","2012",4,347000,170
"F121","September","2013",3,557000,264
"F121","September","2016",4,632000,528
"F121","September","2017",4,433700,322
"F121","September","2018",2,338500,211
"F121","October","2012",6,790250,370
"F121","October","2016",3,369850,281
"F121","October","2017",4,334350,212
"F121","November","2012",2,361000,222
"F121","November","2013",8,1086000,547
"F121","November","2016",11,1361300,929
"F121","November","2017",2,252000,194
"F121","December","2013",5,732000,396
"F121","December","2016",6,664350,546
"F122","March","2017",1,782300,952
"F122","April","2017",1,934600,892
"F122","May","2017",1,704850,770
"F122","July","2017",1,262450,191
"F122","August","2017",1,167450,147
"F122","September","2017",1,215300,181
"F122","November","2017",1,162500,103
"F122","December","2017",1,89200,86
"F123","January","2023",4,46000,36
"F123","February","2023",2,193328.316967911,172.75
"F123","May","2023",1,20292.3333333333,14
"F123","July","2023",1,3500,1
"F123","December","2022",1,143771.739130435,86.75
"F124","January","2023",2,30000,16.5
"F124","February","2023",1,126688.142580645,79
"F124","April","2023",1,1500,1.5
"F124","July","2023",1,1000,0.5
"F125","April","2013",1,72884.6153846154,56
"F125","May","2013",2,104000,15
"F126","January","2013",1,64500,64
"F126","January","2016",8,552800,428
"F126","January","2017",1,113250,59
"F126","January","2023",3,307500,74
"F126","February","2012",5,358750,305
"F126","February","2016",3,372750,298
"F126","February","2017",1,130350,63
"F126","March","2012",8,359100,265
"F126","March","2013",1,84000,56
"F126","March","2016",7,1523000,1108.25
"F126","March","2017",1,58000,45
"F126","March","2023",3,72000,11
"F126","April","2012",5,392378.223196145,257
"F126","April","2017",1,208375,45.25
"F126","April","2023",2,105500,48
"F126","May","2012",9,822885.661551931,559
"F126","May","2013",9,1342854.07996856,1113
"F126","May","2023",4,305954.463333333,134
"F126","June","2012",8,760782.75962252,570
"F126","June","2013",8,1121200,767
"F126","June","2016",6,933350,829
"F126","June","2023",11,763520.015772076,344
"F126","July","2013",16,1803990.92615667,1153
"F126","July","2015",4,355950,267
"F126","July","2017",2,580387.214504165,263.5
"F126","July","2023",3,99117.3017204301,46
"F126","August","2012",5,516000,348
"F126","August","2013",10,1014950,659
"F126","August","2015",8,586650,335
"F126","August","2016",3,453500,254
"F126","August","2023",1,1500,1
"F126","September","2012",9,707250,700
"F126","September","2015",5,367850,327
"F126","September","2016",7,1179300,1082
"F126","September","2017",1,44250,31
"F126","September","2023",8,2032500,827
"F126","October","2012",13,1821750,1434
"F126","October","2013",8,1809400,1792
"F126","October","2015",8,698846.958813469,691
"F126","October","2017",1,37500,27
"F126","October","2023",15,1150250,567
"F126","November","2012",14,1822650,1423
"F126","November","2015",14,1933050,1289
"F126","November","2016",2,423725,251
"F126","November","2023",16,1127250,498
"F126","December","2013",2,6000,6
"F126","December","2015",3,785000,825.25
"F126","December","2016",2,610250,218
"F126","December","2017",1,384541.964592182,139
"F126","December","2023",20,2081750,826
"F127","July","2015",1,174500,32
"F128","January","2023",7,687704.000641962,278
"F128","February","2023",3,1612972.73214286,246
"F128","March","2023",6,558314.64030832,326
"F128","April","2022",1,324455.188679245,182
"F128","April","2023",4,690122.721030612,371
"F128","May","2023",4,96000,12
"F128","June","2022",1,234547.169811321,108
"F128","June","2023",8,127517.508064516,34
"F128","July","2023",3,154409.571684588,53
"F128","August","2023",1,111135.818212366,53
"F128","September","2023",2,183031.814016897,75
"F128","October","2023",3,268762,138
"F128","November","2022",1,165168.604651163,76
"F128","November","2023",1,32000,8
"F128","December","2022",2,779297.169811321,426
"F128","December","2023",2,120386.223300971,49
"F129","January","2015",11,3182250,1396
"F129","January","2016",11,3190250,1400
"F129","January","2017",10,3537250,1296.25
"F129","January","2018",8,2795250,1197.5
"F129","January","2019",7,1925289.54081633,874.5
"F129","January","2022",11,6175750,2519.5
"F129","January","2023",7,3389250,2058.5
"F129","February","2013",4,92000,3.5
"F129","February","2016",10,2563500,1084.5
"F129","February","2017",10,3458375,1421.5
"F129","February","2018",13,3649750,1579
"F129","February","2022",2,658750,228.5
"F129","February","2023",8,2942250,1357
"F129","March","2017",7,2046250,847.5
"F129","March","2018",10,3226750,1462
"F129","March","2023",13,2474500,725
"F129","April","2016",13,2766000,1194.5
"F129","April","2017",11,3007250,1152.5
"F129","April","2018",14,3754250,1567.5
"F129","April","2022",7,3466500,1622.5
"F129","April","2023",4,3555000,1366
"F129","May","2012",1,245000,132.5
"F129","May","2013",5,143000,37.5
"F129","May","2016",12,3594750,1396.5
"F129","May","2017",12,2685250,1189
"F129","May","2018",7,1799250,856.5
"F129","May","2022",7,2546250,1103.5
"F129","May","2023",14,5281500,2011
"F129","June","2012",4,668875,316.75
"F129","June","2013",11,4942050,1928.5
"F129","June","2016",15,6818500,3062.5
"F129","June","2017",8,1503500,768.5
"F129","June","2018",8,2297500,942.75
"F129","June","2022",14,5684000,2079
"F129","June","2023",10,3860000,1681
"F129","July","2013",8,2524387.56382204,1149
"F129","July","2015",10,3174750,1327.5
"F129","July","2016",10,4036750,1439.5
"F129","July","2017",16,4384250,1866.5
"F129","July","2018",13,3996083.33333333,1567.91666666667
"F129","July","2022",7,3411000,1627.5
"F129","July","2023",10,4682000,2059
"F129","August","2013",10,2604375,1063
"F129","August","2015",12,4211875,1895.5
"F129","August","2016",11,4509250,1558
"F129","August","2017",8,2787000,888
"F129","August","2018",9,3254250,1085.5
"F129","August","2022",3,1674750,745.5
"F129","August","2023",12,5324500,2031.5
"F129","September","2012",9,1999750,922.25
"F129","September","2013",14,5168000,1982
"F129","September","2015",10,2594250,1079
"F129","September","2016",13,7340525,3261.5
"F129","September","2017",13,4092000,1749.5
"F129","September","2018",14,6013500,1819.75
"F129","September","2022",16,8255500,3024.5
"F129","September","2023",8,1280000,534.5
"F129","October","2012",12,3653117.5,1593.5
"F129","October","2013",5,1541750,767.25
"F129","October","2015",11,2810250,1262.5
"F129","October","2016",9,3879525,1463.5
"F129","October","2017",13,6337125,2386.5
"F129","October","2018",13,5287125,1604.25
"F129","October","2022",15,7684000,2690
"F129","October","2023",14,4687500,1872
"F129","November","2012",12,3515125,1316
"F129","November","2013",15,4837875,1880.41666666667
"F129","November","2015",11,2893875,1296.25
"F129","November","2016",3,1013000,471
"F129","November","2017",12,3960625,1502.16666666667
"F129","November","2018",11,3521000,1437
"F129","November","2022",12,12864500,4624
"F129","November","2023",12,6568750,2550
"F129","December","2012",8,2076250,1030.5
"F129","December","2013",7,1944000,1167
"F129","December","2015",10,2754750,1218
"F129","December","2017",13,3213048.9167784,1434.70833333333
"F129","December","2018",9,2350500,1006.25
"F129","December","2022",7,4041500,1545.5
"F129","December","2023",7,1096000,503.5
"F130","May","2013",1,7500,1
"F131","August","2022",2,1090500,459
"F132","April","2016",9,157250,122
"F133","January","2013",2,57250,37.75
"F133","January","2016",1,309500,191
"F133","February","2012",3,885500,622
"F133","March","2013",1,7500,0.5
"F133","March","2017",1,112650,41
"F133","April","2012",1,64800,45.25
"F133","May","2012",6,1987740.37393505,726.5
"F133","May","2013",1,104500,55.25
"F133","June","2012",10,2445300,979
"F133","June","2013",3,2106850,625.5
"F133","June","2016",11,3872816.66666667,1020.9
"F133","July","2013",10,1131750,563.5
"F133","July","2015",1,423000,87
"F133","August","2012",8,1545925,668.25
"F133","August","2013",5,1266458.33333333,470.166666666667
"F133","August","2015",5,948500,153.5
"F133","September","2012",13,3593425,1193.75
"F133","September","2013",1,1500,1
"F133","October","2012",16,5452890.96281363,1627.75
"F133","October","2013",5,2220625,747.666666666667
"F133","November","2012",7,4109225,658.75
"F133","November","2013",2,357000,76
"F133","December","2013",1,750,0.5
"F134","June","2013",1,55250,58
"F135","January","2015",3,176200,176
"F135","January","2016",3,176200,176
"F135","January","2017",1,51000,35
"F135","February","2016",6,564250,567
"F135","February","2017",1,76500,63
"F135","March","2016",7,847000,724
"F135","April","2013",7,837988.51730201,959
"F135","April","2016",6,437950,409
"F135","May","2013",13,1535753.13845511,1470
"F135","June","2013",7,887750,678
"F135","July","2013",2,228566.567855581,160
"F135","October","2013",5,976450,1058
"F135","October","2016",1,60500,42
"F135","November","2013",7,876800,720
"F135","November","2016",2,138250,99
"F136","March","2013",2,102100,79
"F136","April","2013",13,1073950.52812099,834
"F136","May","2013",19,1179050.13497604,832
"F136","June","2013",10,760550,485
"F136","July","2013",10,606017.4259879,297
"F136","August","2013",9,436350,275
"F136","September","2013",5,401100,329
"F136","October","2013",16,1704000,1300
"F136","November","2013",15,2085400,1571
"F136","December","2013",1,7500,1
"F137","October","2013",2,391500,314
"F137","October","2015",1,211500,31
"F137","November","2013",1,136750,110
"F138","January","2022",6,8423000,1326
"F138","February","2022",6,8946500,1588
"F138","March","2022",4,6335500,1044
"F138","April","2022",3,3551000,618
"F138","May","2022",3,4697500,980
"F138","June","2022",3,3614500,638
"F139","March","2013",4,380900,179
"F139","April","2013",8,898412.593921235,580
"F139","May","2013",7,580881.718957605,465
"F139","June","2013",8,752600,481
"F139","July","2013",3,375550,538
"F139","August","2013",3,278450,114
"F139","September","2013",5,340850,185
"F139","October","2013",7,506350,410
"F139","November","2013",11,1514350,1245
"F139","December","2013",2,49000,6
"F140","December","2013",1,12500,1
"F141","May","2023",1,395191.225238095,77
"F142","June","2013",1,44500,6
"F143","March","2012",1,33000,44
"F144","January","2016",1,195000,251
"F144","January","2017",3,416350,332.25
"F144","January","2018",1,99125,8.75
"F144","February","2016",5,540400,533
"F144","March","2016",9,906825,952.75
"F144","April","2016",4,288000,332.5
"F144","May","2013",1,68500,53
"F144","May","2016",18,1756837.5,1872.75
"F144","June","2016",15,1686600,1544.65
"F144","July","2015",2,192450,192.5
"F144","July","2016",8,1038475,805
"F144","July","2017",13,1871050,1064.75
"F144","August","2015",3,578600,605.5
"F144","August","2016",3,763375,769.5
"F144","August","2017",2,286700,168.5
"F144","September","2015",5,1197900,535
"F144","September","2016",15,2745200,1766.5
"F144","October","2015",2,315112.630278099,278.25
"F144","October","2016",1,94250,102.5
"F144","October","2017",4,430600,378.5
"F144","November","2013",1,62500,50
"F144","November","2015",10,1115125,1118
"F144","November","2016",6,638300,641.75
"F144","November","2017",1,62100,61.75
"F144","December","2016",1,62250,57.5
"F145","April","2023",1,96650.203968254,44
"F146","January","2012",6,1150900,1219
"F146","January","2017",1,148266.666666667,99.4
"F146","February","2012",4,453950,478
"F146","February","2023",2,564589.285714286,18
"F146","March","2012",3,467826.851851852,569
"F146","March","2013",1,82500,55
"F146","April","2012",8,1414489.83220637,1378
"F146","April","2013",1,9000,6
"F146","April","2017",1,208375,45.25
"F146","April","2023",1,158467.604166667,86
"F146","May","2012",2,254900,211
"F146","May","2013",1,97500,65
"F146","June","2016",1,247250,235.5
"F146","July","2012",4,573550,689
"F146","July","2023",1,221612.66422619,109
"F146","August","2012",4,867200,1080
"F146","September","2012",11,1714850,1828
"F146","September","2013",1,10000,1
"F146","October","2012",10,1789750,1643
"F146","November","2012",3,674700,602
"F146","November","2016",3,1664000,1709
"F147","November","2012",1,33000,21
"F148","June","2013",1,196500,68
"F149","January","2013",4,543375,359.5
"F149","January","2015",2,431950,361
"F149","January","2016",4,589950,476.5
"F149","January","2017",9,2269866.66666667,1254.4
"F149","January","2023",15,7300904.15189434,2164.5
"F149","February","2012",3,200400,270.5
"F149","February","2016",5,1488375,1636
"F149","February","2017",4,767875,474.75
"F149","February","2023",11,2431347.8058459,680.75
"F149","March","2016",7,1598300,1037.25
"F149","March","2017",5,1088275,634.5
"F149","March","2023",11,3937173.87321695,984.25
"F149","April","2013",1,81500,43
"F149","April","2016",12,2059000,1461
"F149","April","2017",1,1783500,1164
"F149","April","2022",1,595842.596390484,284
"F149","April","2023",10,3319307.79843436,1790
"F149","May","2012",8,675843.264601973,469.5
"F149","May","2013",9,1719444.49000807,818
"F149","May","2016",1,113750,67
"F149","May","2017",1,1105500,695
"F149","May","2022",1,662323.058358929,272
"F149","May","2023",13,4960173.20015064,1821
"F149","June","2012",7,949600,1381
"F149","June","2013",5,430412.5,285.125
"F149","June","2016",7,2340850,1889.5
"F149","June","2017",3,602250,388
"F149","June","2022",1,258250,64
"F149","June","2023",19,6173347.17722826,3865
"F149","July","2013",2,252000,139
"F149","July","2015",5,552500,374.5
"F149","July","2016",2,380500,225
"F149","July","2017",4,791537.214504165,375.5
"F149","July","2023",6,3620225.92092184,1601
"F149","August","2013",2,90900,82
"F149","August","2015",8,1135950,972
"F149","August","2016",8,7210200,4094
"F149","August","2023",2,788575.768064516,293
"F149","September","2012",2,131250,145
"F149","September","2015",1,141800,106
"F149","September","2016",19,10892650,6840
"F149","September","2023",6,1863336.46044547,596.5
"F149","October","2012",8,1715000,1024
"F149","October","2013",6,1221600,1412
"F149","October","2015",5,818500,762
"F149","October","2016",2,365500,182
"F149","October","2023",16,7190575.40299388,3140.5
"F149","November","2012",11,1468700,1192
"F149","November","2013",2,416250,383
"F149","November","2015",10,1893300,1423
"F149","November","2016",6,1348375,948
"F149","November","2017",1,210000,91
"F149","November","2022",1,372297.169811321,219
"F149","November","2023",15,3351744.23835125,1681
"F149","December","2013",1,5000,5
"F149","December","2015",4,933750,944.25
"F149","December","2016",6,1983000,1335
"F149","December","2022",9,5517562.47257569,1410
"F149","December","2023",26,7856619.28263258,4348
"F150","August","2015",2,427500,412
"F150","October","2015",1,76000,116
"F151","May","2012",2,40250,54
"F151","August","2012",1,30500,22
"F151","September","2013",1,10000,1
"F151","October","2012",8,455700,238
"F151","November","2012",7,654150,671
"F152","January","2023",1,18687.42,12
"F152","June","2023",1,9334.66666666667,3
"F153","March","2013",1,8500,1
"F153","May","2013",3,253760,188
"F153","May","2017",1,258000,117
"F153","June","2013",7,920500,494
"F153","June","2017",1,83500,41
"F153","July","2013",4,603500,346
"F153","July","2017",2,432500,155
"F153","July","2018",1,177000,89
"F153","August","2013",3,332000,192
"F153","September","2012",7,926500,489
"F153","September","2013",5,633000,407
"F153","October","2012",10,1124000,619
"F153","October","2013",9,948500,483
"F153","November","2012",9,1459500,766
"F153","November","2013",8,807500,385
"F153","December","2012",6,1036500,595
"F153","December","2013",5,728500,340
"F153","December","2022",1,126641.509433962,55
"F154","March","2013",3,113750,47
"F154","April","2013",2,63373.0492511288,39
"F154","May","2013",7,390384.101382489,151
"F154","June","2013",4,185200,59
"F154","July","2013",3,213100,113
"F154","August","2013",2,114500,73
"F154","September","2013",3,248500,134
"F154","October","2013",9,584650,323
"F154","November","2013",11,1106400,695
"F154","December","2013",1,4500,2
"F155","May","2013",2,56100,37
"F156","January","2012",2,73500,42.75
"F156","January","2016",1,195000,251
"F156","January","2017",3,416350,332.25
"F156","January","2018",1,99125,8.75
"F156","February","2012",2,212050,207.25
"F156","February","2016",5,540400,533
"F156","March","2012",2,302150,306
"F156","March","2016",9,906825,952.75
"F156","March","2019",3,944000,379
"F156","April","2012",10,954235.868453914,1105.25
"F156","April","2016",4,288000,332.5
"F156","April","2019",7,1444875,819.25
"F156","May","2012",18,3223815.12291485,1909.41666666667
"F156","May","2013",3,218725,186.25
"F156","May","2016",18,1756837.5,1872.75
"F156","May","2019",11,3726250,1614
"F156","June","2012",4,323362.5,455.5
"F156","June","2016",15,1686600,1544.65
"F156","June","2019",20,4908125,2513.25
"F156","July","2012",6,857200,731.5
"F156","July","2015",2,192450,192.5
"F156","July","2016",8,1038475,805
"F156","July","2017",13,1871050,1064.75
"F156","July","2019",12,2687750,1613
"F156","August","2012",6,701500,796.5
"F156","August","2015",3,578600,605.5
"F156","August","2016",9,1659350,1433.5
"F156","August","2017",2,286700,168.5
"F156","September","2012",14,1919337.5,2056.5
"F156","September","2013",1,14000,3.5
"F156","September","2015",5,1197900,535
"F156","September","2016",15,2745200,1766.5
"F156","September","2017",3,451500,313.25
"F156","October","2012",16,2349325,2284.25
"F156","October","2015",2,315112.630278099,278.25
"F156","October","2016",1,94250,102.5
"F156","October","2017",4,430600,378.5
"F156","November","2012",6,394775,325
"F156","November","2013",1,62500,50
"F156","November","2015",10,1115125,1118
"F156","November","2016",6,638300,641.75
"F156","November","2017",1,62100,61.75
"F156","December","2016",1,62250,57.5
"F157","January","2023",1,95521.6790322581,46
"F157","December","2022",2,471618.048533873,245.5
"F158","January","2012",1,85050,68
"F158","February","2012",2,135300,122
"F158","March","2012",3,413172.68081761,386
"F158","April","2012",3,277373.430127742,213
"F158","April","2013",1,180000,120
"F158","May","2012",5,575575,658.5
"F158","August","2012",1,288650,370
"F158","September","2012",4,449250,1059
"F158","September","2013",1,25000,3
"F158","October","2012",4,386350,281
"F158","November","2012",1,197700,199
"F159","January","2012",2,337450,417
"F159","January","2013",1,139125,125.5
"F159","January","2017",2,263300,174
"F159","February","2012",2,166200,119
"F159","February","2017",1,148500,26
"F159","March","2012",4,282664.343563512,341
"F159","April","2012",1,23766.3398692811,15
"F159","April","2017",1,31000,2.25
"F159","May","2012",6,651581.72388929,703
"F159","May","2013",1,390500,399
"F159","June","2012",8,612500,380
"F159","June","2013",3,303912.5,206.125
"F159","June","2016",4,236750,146
"F159","July","2013",3,292199.386610585,408.5
"F159","July","2023",1,176500,52
"F159","August","2013",4,518400,412
"F159","August","2017",1,125750,16
"F159","September","2012",1,108500,159
"F159","September","2016",3,413000,74
"F159","September","2017",1,62500,26
"F159","October","2012",2,281250,277
"F159","October","2013",3,760250,872
"F159","October","2017",1,82250,17
"F160","August","2013",1,1e+05,15
"F161","September","2017",1,58750,24
"F161","September","2023",5,168432.338528025,78
"F161","October","2017",1,67750,43.25
"F161","October","2023",5,232000,96
"F161","November","2023",10,551000,224
"F161","December","2023",1,30000,20
"F162","January","2012",2,73750,86
"F162","February","2013",1,10000,10
"F162","February","2016",1,16250,13
"F162","February","2019",16,1454500,1013
"F162","March","2012",1,45000,30
"F162","March","2016",6,239100,165
"F162","March","2019",12,1174000,725
"F162","April","2013",5,364114.21386986,371
"F162","April","2016",12,573700,442
"F162","April","2019",13,1170000,777
"F162","May","2013",6,268219.76744186,292.75
"F162","May","2019",14,1380750,957
"F162","June","2019",15,1416100,790
"F162","July","2013",1,43350,19
"F162","July","2019",9,831500,453
"F162","August","2012",1,96433.6553323029,54
"F162","September","2016",8,480750,292
"F162","October","2016",3,262550,122
"F162","November","2013",2,63250,35
"F163","February","2013",3,429987.5,189.7
"F163","October","2012",1,43200,29
"F165","April","2013",9,647491.264495636,636
"F165","May","2013",3,261050,249
"F165","June","2013",10,612550,556
"F165","July","2013",16,1064055.30174021,1031
"F165","August","2013",12,932650,622
"F165","September","2013",6,402400,367
"F165","October","2013",22,1986850,1851
"F165","November","2013",13,1873900,1998
"F166","March","2012",1,172500,220
"F167","February","2012",3,97650,81
"F167","May","2013",2,133750,72
"F167","June","2013",7,659800,471
"F167","July","2013",1,2998.7732211707,1
"F167","October","2016",4,430400,262
"F168","January","2023",1,8000,8
"F168","April","2023",1,97064.1910714286,55
"F168","July","2023",1,6125,0.5
"F168","September","2023",1,3500,3.5
"F168","October","2023",1,500,0.5
"F168","December","2022",1,238850.543478261,133.75
"F170","May","2013",1,7500,2
"F170","October","2013",8,327750,51
"F170","November","2013",2,70000,9
"F170","December","2013",1,5000,1
"F169","April","2013",1,31500,15
"F169","May","2013",4,126000,32
"F169","October","2013",5,284500,92
"F169","November","2013",4,281850,99
"F171","January","2012",2,157875,93.25
"F171","January","2013",2,177800,133
"F171","January","2015",3,697450,523
"F171","January","2016",10,1900400,1277
"F171","January","2017",2,396000,153
"F171","February","2013",2,93304.1666666667,83.3166666666667
"F171","February","2016",3,348300,336
"F171","February","2017",3,339550,232
"F171","March","2012",4,496725,340
"F171","March","2016",8,1223450,921
"F171","April","2012",5,647466.218863083,445.25
"F171","April","2013",7,1035515.05572604,812
"F171","April","2016",8,862200,670
"F171","May","2013",18,2292276.24631564,1670
"F171","May","2016",1,182000,91
"F171","June","2013",5,967450,593
"F171","June","2016",12,2636100,1124
"F171","July","2013",9,1468550,924
"F171","July","2015",4,1690250,834
"F171","August","2013",12,2197450,1380
"F171","August","2015",6,1707500,320.5
"F171","September","2015",5,2358000,711
"F171","September","2016",7,4196250,1152
"F171","September","2017",1,118500,47
"F171","October","2012",11,2114506.47137221,1300
"F171","October","2015",10,6486650,1659
"F171","October","2016",2,221450,137
"F171","October","2017",1,153700,137
"F171","November","2012",4,769100,595
"F171","November","2013",8,1458700,712
"F171","November","2015",21,4365100,2193
"F171","November","2016",5,726550,476
"F171","November","2017",1,159862.925727912,105
"F171","December","2015",3,352900,244
"F171","December","2016",4,514000,384
"F171","December","2017",1,116418.963149903,105
"F172","January","2012",2,144375,187
"F172","January","2013",6,393500,240
"F172","January","2016",2,101000,72
"F172","January","2017",7,535125,370.95
"F172","January","2018",6,779750,369.25
"F172","January","2019",12,1601500,914
"F172","February","2013",12,706450,420.733333333333
"F172","February","2016",7,1008500,937
"F172","February","2018",5,761950,305
"F172","February","2019",18,2509750,1482
"F172","March","2012",1,95000,65
"F172","March","2013",1,102000,68
"F172","March","2016",14,1319000,1064
"F172","March","2017",3,371250,123
"F172","March","2018",13,1106100,489
"F172","March","2019",8,997500,604
"F172","March","2023",1,62500,5
"F172","April","2012",2,82239.4513137559,24
"F172","April","2013",3,353764.785436817,334
"F172","April","2016",17,1821250,1360
"F172","April","2017",1,1456000,524
"F172","April","2018",22,2263350,1090
"F172","April","2019",17,2226250,1358
"F172","May","2012",2,96250,56
"F172","May","2013",3,292750,223
"F172","May","2016",13,1631600,1134
"F172","May","2017",1,71000,46
"F172","May","2018",12,1881500,982
"F172","May","2019",11,1504750,902
"F172","June","2012",10,608250,459
"F172","June","2013",1,105750,47
"F172","June","2016",1,238750,163
"F172","June","2017",1,148800,43
"F172","June","2018",23,3188000,2046
"F172","June","2019",19,2502500,1325
"F172","July","2015",1,71500,49
"F172","July","2016",2,314250,131
"F172","July","2018",16,2350000,1379
"F172","July","2019",10,1627250,863
"F172","August","2012",4,290987.133187413,266
"F172","August","2016",6,847500,419
"F172","August","2017",3,188500,89
"F172","August","2018",14,2142750,1323
"F172","September","2012",1,20250,16
"F172","September","2016",4,613500,369
"F172","September","2017",2,167150,125
"F172","September","2018",23,3004150,1897
"F172","October","2016",12,2200000,1140
"F172","October","2017",10,2040550,1079
"F172","October","2018",15,2124500,1291
"F172","November","2012",4,255150,245
"F172","November","2016",5,731050,292
"F172","November","2017",7,1688000,800
"F172","November","2018",12,1865750,1071
"F172","November","2023",10,461000,229
"F172","December","2012",4,453700,278
"F172","December","2016",5,1180000,552
"F172","December","2018",5,624000,368
"F172","December","2023",1,35000,10
"F173","January","2012",3,458800,398
"F173","February","2012",5,364700,338
"F173","February","2013",4,541000,332
"F173","March","2012",2,264000,176
"F173","March","2013",4,537000,358
"F173","April","2012",2,444500,264
"F173","April","2016",1,122500,28
"F173","May","2013",3,512750,620
"F173","May","2017",1,759500,713
"F173","May","2018",1,148500,66
"F173","June","2017",1,340000,220
"F173","July","2016",1,197750,136
"F173","August","2012",1,140100,197
"F173","August","2013",5,1021000,590
"F173","September","2012",3,260600,183
"F173","September","2013",1,656250,375
"F173","October","2012",6,803750,750
"F173","October","2013",2,1041250,595
"F173","November","2012",1,92350,68
"F173","November","2013",1,45000,30
"F173","November","2016",2,1100500,373
"F011","June","2013",1,12500,1
"F033","September","2013",14,5081500,1953
"F051","June","2018",1,90000,35.5
"F081","April","2013",1,12500,1
"F084","August","2016",1,540000,223
"F084","October","2012",1,147500,40
"F084","November","2012",1,179400,150
"F098","March","2023",1,201950.463333333,71
"F111","June","2012",1,82750,155
"F164","June","2013",1,3000,1
"F0NA","August","2023",1,NA,NA
"F0NA","September","2013",1,NA,NA
"F0NA","September","2018",1,NA,NA
