"Month","Year","Days_Fished","Number_Fishers_Mo","Catch","Effort","Income","CPUE_final","Month_Number","year"
"January",2012,14,21,5606,53,6619967.80862439,105.77358490566,1,2012
"February",2012,8,23,5421,63,5800900,86.0476190476191,2,2012
"March",2012,17,36,7455,100,8530479.71588982,74.55,3,2012
"April",2012,19,31,10099,122,12269124.3683602,82.7786885245902,4,2012
"May",2012,31,42,17021,197,25504878.7604806,86.4010152284264,5,2012
"June",2012,25,29,17118,189,28859219.4699217,90.5714285714286,6,2012
"July",2012,7,7,2530,21,2666050,120.47619047619,7,2012
"August",2012,24,27,9699,93,14048557.5663626,104.290322580645,8,2012
"September",2012,27,36,20796,205,28649750,101.443902439024,9,2012
"October",2012,27,36,29456,284,50523620.770275,103.718309859155,10,2012
"November",2012,28,41,19450,219,36783150,88.8127853881278,11,2012
"January",2013,12,28,4673,66,6710250,70.8030303030303,1,2013
"February",2013,23,26,8470,113,12740450,74.9557522123894,2,2013
"March",2013,15,31,4045,63,7086500,64.2063492063492,3,2013
"April",2013,20,41,12213,144,14500453.6099345,84.8125,4,2013
"May",2013,30,69,27064,328,32742671.4794649,82.5121951219512,5,2013
"June",2013,29,62,24958,276,41752350,90.4275362318841,6,2013
"July",2013,31,56,18993,284,31435668.8387384,66.8767605633803,7,2013
"August",2013,25,38,14951,204,25206650,73.2892156862745,8,2013
"September",2013,25,35,11600,108,20217600,107.407407407407,9,2013
"October",2013,31,48,27109,287,41888950,94.4564459930314,10,2013
"November",2013,29,48,25236,287,39100250,87.9303135888502,11,2013
"January",2015,14,17,5960,50,10513047,119.2,1,2015
"July",2015,16,28,8804,99,16052450,88.9292929292929,7,2015
"August",2015,21,25,14503,136,34677000,106.639705882353,8,2015
"September",2015,21,22,8361,84,16954350,99.5357142857143,9,2015
"October",2015,28,21,13637,142,33087268.6218244,96.0352112676056,10,2015
"November",2015,29,22,15929,158,26240350,100.816455696203,11,2015
"January",2016,21,29,15358,117,20452247,131.264957264957,1,2016
"February",2016,22,30,13859,130,19341350,106.607692307692,2,2016
"March",2016,26,32,21299,240,27435013.7362637,88.7458333333333,3,2016
"April",2016,29,36,20179,271,29335950,74.4612546125461,4,2016
"May",2016,30,16,20018,176,35107750,113.738636363636,5,2016
"June",2016,28,40,22903,213,46607050,107.525821596244,6,2016
"July",2016,24,20,12309,114,27611400,107.973684210526,7,2016
"August",2016,28,28,27565,216,53656900,127.615740740741,8,2016
"September",2016,30,30,36302,262,84901350,138.557251908397,9,2016
"October",2016,25,22,9409,102,19341600,92.2450980392157,10,2016
"November",2016,27,33,16134,154,24848150,104.766233766234,11,2016
"January",2017,25,33,10335,117,20099900,88.3333333333333,1,2017
"February",2017,17,28,7455,84,15047100,88.75,2,2017
"March",2017,18,23,6718,73,11581400,92.027397260274,3,2017
"April",2017,16,22,10716,61,20486200,175.672131147541,4,2017
"May",2017,16,15,7160,38,11968150,188.421052631579,5,2017
"June",2017,22,21,7710,81,20079400,95.1851851851852,6,2017
"July",2017,28,27,15597,189,35586014.5375384,82.5238095238095,7,2017
"August",2017,20,17,6186,73,13879148,84.7397260273973,8,2017
"September",2017,23,23,10404,112,24777800,92.8928571428571,9,2017
"October",2017,27,23,11423,109,28171900,104.798165137615,10,2017
"November",2017,22,19,8160,98,17385330.723126,83.265306122449,11,2017
"January",2018,14,10,4713,50,9733500,94.26,1,2018
"February",2018,21,8,6425,71,12765700,90.4929577464789,2,2018
"March",2018,23,11,7364,100,14065300,73.64,3,2018
"April",2018,24,11,10597,155,20364200,68.3677419354839,4,2018
"May",2018,17,11,8279,104,14898797,79.6057692307692,5,2018
"June",2018,26,12,14513,182,28367593.1860902,79.7417582417582,6,2018
"July",2018,24,10,10950,141,24929500,77.6595744680851,7,2018
"August",2018,26,12,12669,160,33966250,79.18125,8,2018
"September",2018,29,12,15244,196,40538150,77.7755102040816,9,2018
"October",2018,24,10,10007,124,25308500,80.7016129032258,10,2018
"November",2018,19,10,7795,89,16639500,87.5842696629213,11,2018
"January",2019,17,9,7070,98,14309579.0816327,72.1428571428571,1,2019
"February",2019,20,8,10013,135,17955500,74.1703703703704,2,2019
"March",2019,12,8,5650,78,11931850,72.4358974358974,3,2019
"April",2019,21,10,9309,130,17714750,71.6076923076923,4,2019
"May",2019,19,8,9441,121,20122350,78.0247933884298,5,2019
"June",2019,24,11,13248,179,29067350,74.0111731843575,6,2019
"July",2019,13,10,7466,101,14147700,73.9207920792079,7,2019
"January",2022,12,6,10312,41,44354500,251.512195121951,1,2022
"February",2022,17,6,9798,36,41198500,272.166666666667,2,2022
"March",2022,15,5,6757,30,31499500,225.233333333333,3,2022
"April",2022,9,13,5895,30,18787305.4996471,196.5,4,2022
"May",2022,9,11,6439,30,35218716.5890645,214.633333333333,5,2022
"June",2022,16,11,7056,43,26684893.6370039,164.093023255814,6,2022
"July",2022,7,2,2796,12,5973500,233,7,2022
"August",2022,5,3,1762,8,4189000,220.25,8,2022
"September",2022,17,2,5363,30,14790000,178.766666666667,9,2022
"October",2022,15,4,5305,31,15862500,171.129032258065,10,2022
"November",2022,13,6,5489,28,14332465.7744625,196.035714285714,11,2022
"January",2023,23,28,15572,160,93410993.9852141,97.325,1,2023
"February",2023,18,22,10199,90,51062629.201876,113.322222222222,2,2023
"March",2023,18,20,10170,106,31324702.9670768,95.9433962264151,3,2023
"April",2023,17,21,7437,83,15903263.0370626,89.6024096385542,4,2023
"May",2023,24,24,9473,137,25128089.0748026,69.1459854014599,5,2023
"June",2023,25,23,11937,172,22762035.5045461,69.4011627906977,6,2023
"July",2023,15,25,10867,79,25350033.5025822,137.556962025316,7,2023
"August",2023,14,11,3850,35,10689769.0849438,110,8,2023
"September",2023,16,21,5802,87,13476977.387426,66.6896551724138,9,2023
"October",2023,19,24,16351,187,39963757.1852338,87.4385026737968,10,2023
"November",2023,25,20,11894,176,27952927.3744354,67.5795454545455,11,2023
